{
	"credit": "Made with Blockbench",
	"textures": {
		"0": "item/key",
		"particle": "item/key"
	},
	"elements": [
		{
			"from": [6.85642, 5.24003, 7.5],
			"to": [7.85642, 6.23003, 8.5],
			"rotation": {"angle": 0, "axis": "y", "origin": [-0.09358, -0.25997, 0]},
			"faces": {
				"north": {"uv": [3, 4, 4, 5], "texture": "#0"},
				"east": {"uv": [4, 3, 5, 4], "texture": "#0"},
				"south": {"uv": [4, 4, 5, 5], "texture": "#0"},
				"west": {"uv": [5, 0, 6, 1], "texture": "#0"},
				"up": {"uv": [2, 6, 1, 5], "texture": "#0"},
				"down": {"uv": [6, 1, 5, 2], "texture": "#0"}
			}
		},
		{
			"from": [5.84263, 4.2402, 7.5],
			"to": [6.84263, 5.2302, 8.5],
			"rotation": {"angle": 45, "axis": "z", "origin": [5.64263, 4.4402, 8]},
			"faces": {
				"north": {"uv": [2, 5, 3, 6], "texture": "#0"},
				"east": {"uv": [3, 5, 4, 6], "texture": "#0"},
				"south": {"uv": [5, 3, 6, 4], "texture": "#0"},
				"west": {"uv": [4, 5, 5, 6], "texture": "#0"},
				"up": {"uv": [6, 5, 5, 4], "texture": "#0"},
				"down": {"uv": [6, 5, 5, 6], "texture": "#0"}
			}
		},
		{
			"from": [4.99641, 3.98887, 7.5],
			"to": [5.98641, 4.98887, 8.5],
			"rotation": {"angle": -22.5, "axis": "z", "origin": [5.49141, 4.48887, 8]},
			"faces": {
				"north": {"uv": [0, 6, 1, 7], "texture": "#0"},
				"east": {"uv": [6, 0, 7, 1], "texture": "#0"},
				"south": {"uv": [1, 6, 2, 7], "texture": "#0"},
				"west": {"uv": [6, 1, 7, 2], "texture": "#0"},
				"up": {"uv": [3, 7, 2, 6], "texture": "#0"},
				"down": {"uv": [7, 2, 6, 3], "texture": "#0"}
			}
		},
		{
			"from": [4.84275, 3.21636, 7.5],
			"to": [5.83275, 4.21636, 8.5],
			"rotation": {"angle": 0, "axis": "y", "origin": [5.33775, 3.71636, 8]},
			"faces": {
				"north": {"uv": [3, 6, 4, 7], "texture": "#0"},
				"east": {"uv": [6, 3, 7, 4], "texture": "#0"},
				"south": {"uv": [4, 6, 5, 7], "texture": "#0"},
				"west": {"uv": [6, 4, 7, 5], "texture": "#0"},
				"up": {"uv": [6, 7, 5, 6], "texture": "#0"},
				"down": {"uv": [7, 5, 6, 6], "texture": "#0"}
			}
		},
		{
			"from": [6.07821, 5.11501, 7.5],
			"to": [7.07821, 6.11501, 8.5],
			"rotation": {"angle": 22.5, "axis": "z", "origin": [6.67821, 5.61501, 8]},
			"faces": {
				"north": {"uv": [6, 6, 7, 7], "texture": "#0"},
				"east": {"uv": [0, 7, 1, 8], "texture": "#0"},
				"south": {"uv": [7, 0, 8, 1], "texture": "#0"},
				"west": {"uv": [1, 7, 2, 8], "texture": "#0"},
				"up": {"uv": [8, 2, 7, 1], "texture": "#0"},
				"down": {"uv": [3, 7, 2, 8], "texture": "#0"}
			}
		},
		{
			"from": [5.25607, 2.19553, 7.5],
			"to": [6.24607, 3.19553, 8.5],
			"rotation": {"angle": 45, "axis": "z", "origin": [6.33084, 2.70702, 8]},
			"faces": {
				"north": {"uv": [7, 2, 8, 3], "texture": "#0"},
				"east": {"uv": [3, 7, 4, 8], "texture": "#0"},
				"south": {"uv": [7, 3, 8, 4], "texture": "#0"},
				"west": {"uv": [4, 7, 5, 8], "texture": "#0"},
				"up": {"uv": [8, 5, 7, 4], "texture": "#0"},
				"down": {"uv": [6, 7, 5, 8], "texture": "#0"}
			}
		},
		{
			"from": [6.3921, 1.51833, 7.5],
			"to": [7.3921, 2.50833, 8.5],
			"rotation": {"angle": -22.5, "axis": "z", "origin": [6.33084, 2.70702, 8]},
			"faces": {
				"north": {"uv": [7, 5, 8, 6], "texture": "#0"},
				"east": {"uv": [6, 7, 7, 8], "texture": "#0"},
				"south": {"uv": [7, 6, 8, 7], "texture": "#0"},
				"west": {"uv": [7, 7, 8, 8], "texture": "#0"},
				"up": {"uv": [1, 9, 0, 8], "texture": "#0"},
				"down": {"uv": [9, 0, 8, 1], "texture": "#0"}
			}
		},
		{
			"from": [6.85642, 1.20269, 7.5],
			"to": [7.85642, 2.19269, 8.5],
			"rotation": {"angle": 0, "axis": "y", "origin": [6.33084, 2.70702, 8]},
			"faces": {
				"north": {"uv": [1, 8, 2, 9], "texture": "#0"},
				"east": {"uv": [8, 1, 9, 2], "texture": "#0"},
				"south": {"uv": [2, 8, 3, 9], "texture": "#0"},
				"west": {"uv": [8, 2, 9, 3], "texture": "#0"},
				"up": {"uv": [4, 9, 3, 8], "texture": "#0"},
				"down": {"uv": [9, 3, 8, 4], "texture": "#0"}
			}
		},
		{
			"from": [5.15094, 2.74705, 7.5],
			"to": [6.15094, 3.74705, 8.5],
			"rotation": {"angle": 22.5, "axis": "z", "origin": [6.33084, 2.70702, 8]},
			"faces": {
				"north": {"uv": [4, 8, 5, 9], "texture": "#0"},
				"east": {"uv": [8, 4, 9, 5], "texture": "#0"},
				"south": {"uv": [5, 8, 6, 9], "texture": "#0"},
				"west": {"uv": [8, 5, 9, 6], "texture": "#0"},
				"up": {"uv": [7, 9, 6, 8], "texture": "#0"},
				"down": {"uv": [9, 6, 8, 7], "texture": "#0"}
			}
		},
		{
			"from": [7.16354, 1.91163, 7.5],
			"to": [8.16354, 2.90163, 8.5],
			"rotation": {"angle": 45, "axis": "z", "origin": [8.36576, 3.70011, 8]},
			"faces": {
				"north": {"uv": [7, 8, 8, 9], "texture": "#0"},
				"east": {"uv": [8, 7, 9, 8], "texture": "#0"},
				"south": {"uv": [8, 8, 9, 9], "texture": "#0"},
				"west": {"uv": [0, 9, 1, 10], "texture": "#0"},
				"up": {"uv": [10, 1, 9, 0], "texture": "#0"},
				"down": {"uv": [2, 9, 1, 10], "texture": "#0"}
			}
		},
		{
			"from": [8.9507, 2.82886, 7.5],
			"to": [9.9407, 3.82886, 8.5],
			"rotation": {"angle": -22.5, "axis": "z", "origin": [8.36576, 3.70011, 8]},
			"faces": {
				"north": {"uv": [9, 1, 10, 2], "texture": "#0"},
				"east": {"uv": [2, 9, 3, 10], "texture": "#0"},
				"south": {"uv": [9, 2, 10, 3], "texture": "#0"},
				"west": {"uv": [3, 9, 4, 10], "texture": "#0"},
				"up": {"uv": [10, 4, 9, 3], "texture": "#0"},
				"down": {"uv": [5, 9, 4, 10], "texture": "#0"}
			}
		},
		{
			"from": [8.88009, 3.21636, 7.5],
			"to": [9.87009, 4.21636, 8.5],
			"rotation": {"angle": 0, "axis": "y", "origin": [8.36576, 3.70011, 8]},
			"faces": {
				"north": {"uv": [9, 4, 10, 5], "texture": "#0"},
				"east": {"uv": [5, 9, 6, 10], "texture": "#0"},
				"south": {"uv": [9, 5, 10, 6], "texture": "#0"},
				"west": {"uv": [6, 9, 7, 10], "texture": "#0"},
				"up": {"uv": [10, 7, 9, 6], "texture": "#0"},
				"down": {"uv": [8, 9, 7, 10], "texture": "#0"}
			}
		},
		{
			"from": [6.93947, 1.58771, 7.5],
			"to": [7.93947, 2.58771, 8.5],
			"rotation": {"angle": 22.5, "axis": "z", "origin": [8.36576, 3.70011, 8]},
			"faces": {
				"north": {"uv": [9, 7, 10, 8], "texture": "#0"},
				"east": {"uv": [8, 9, 9, 10], "texture": "#0"},
				"south": {"uv": [9, 8, 10, 9], "texture": "#0"},
				"west": {"uv": [9, 9, 10, 10], "texture": "#0"},
				"up": {"uv": [1, 11, 0, 10], "texture": "#0"},
				"down": {"uv": [11, 0, 10, 1], "texture": "#0"}
			}
		},
		{
			"from": [9.18721, 3.9253, 7.5],
			"to": [10.17721, 4.9253, 8.5],
			"rotation": {"angle": 45, "axis": "z", "origin": [8.36576, 3.70011, 8]},
			"faces": {
				"north": {"uv": [1, 10, 2, 11], "texture": "#0"},
				"east": {"uv": [10, 1, 11, 2], "texture": "#0"},
				"south": {"uv": [2, 10, 3, 11], "texture": "#0"},
				"west": {"uv": [10, 2, 11, 3], "texture": "#0"},
				"up": {"uv": [4, 11, 3, 10], "texture": "#0"},
				"down": {"uv": [11, 3, 10, 4], "texture": "#0"}
			}
		},
		{
			"from": [6.92703, 4.85253, 7.5],
			"to": [7.92703, 5.84253, 8.5],
			"rotation": {"angle": -22.5, "axis": "z", "origin": [8.36576, 3.70011, 8]},
			"faces": {
				"north": {"uv": [4, 10, 5, 11], "texture": "#0"},
				"east": {"uv": [10, 4, 11, 5], "texture": "#0"},
				"south": {"uv": [5, 10, 6, 11], "texture": "#0"},
				"west": {"uv": [10, 5, 11, 6], "texture": "#0"},
				"up": {"uv": [7, 11, 6, 10], "texture": "#0"},
				"down": {"uv": [11, 6, 10, 7], "texture": "#0"}
			}
		},
		{
			"from": [8.95314, 3.60138, 7.5],
			"to": [9.95314, 4.60138, 8.5],
			"rotation": {"angle": 22.5, "axis": "z", "origin": [8.36576, 3.70011, 8]},
			"faces": {
				"north": {"uv": [7, 10, 8, 11], "texture": "#0"},
				"east": {"uv": [10, 7, 11, 8], "texture": "#0"},
				"south": {"uv": [8, 10, 9, 11], "texture": "#0"},
				"west": {"uv": [10, 8, 11, 9], "texture": "#0"},
				"up": {"uv": [10, 11, 9, 10], "texture": "#0"},
				"down": {"uv": [11, 9, 10, 10], "texture": "#0"}
			}
		},
		{
			"from": [6.75, 6, 7.5],
			"to": [7.95, 8, 8.5],
			"faces": {
				"north": {"uv": [0, 0, 1.25, 2], "texture": "#0"},
				"east": {"uv": [0, 4, 1, 6], "texture": "#0"},
				"south": {"uv": [0, 2, 1.25, 4], "texture": "#0"},
				"west": {"uv": [4, 0, 5, 2], "texture": "#0"},
				"up": {"uv": [2.25, 5, 1, 4], "texture": "#0"},
				"down": {"uv": [5.25, 2, 4, 3], "texture": "#0"}
			}
		},
		{
			"from": [7, 8, 7.5],
			"to": [7.95, 8.5, 8.5],
			"faces": {
				"north": {"uv": [11, 5, 12, 5.5], "texture": "#0"},
				"east": {"uv": [6, 11, 7, 11.5], "texture": "#0"},
				"south": {"uv": [11, 6, 12, 6.5], "texture": "#0"},
				"west": {"uv": [7, 11, 8, 11.5], "texture": "#0"},
				"up": {"uv": [11, 11, 10, 10], "texture": "#0"},
				"down": {"uv": [1, 11, 0, 12], "texture": "#0"}
			}
		},
		{
			"from": [7.35, 8.75, 7.75],
			"to": [7.65, 9.25, 8.25],
			"rotation": {"angle": 0, "axis": "y", "origin": [0.25, 0, 0]},
			"faces": {
				"north": {"uv": [10, 12, 10.25, 12.5], "texture": "#0"},
				"east": {"uv": [0, 12, 0.5, 12.5], "texture": "#0"},
				"south": {"uv": [12, 10, 12.25, 10.5], "texture": "#0"},
				"west": {"uv": [12, 0, 12.5, 0.5], "texture": "#0"},
				"up": {"uv": [11.25, 12.5, 11, 12], "texture": "#0"},
				"down": {"uv": [12.25, 11, 12, 11.5], "texture": "#0"}
			}
		},
		{
			"from": [6.85, 8, 8],
			"to": [7.05, 8.3, 8.5],
			"rotation": {"angle": 0, "axis": "y", "origin": [0.15, 0.15, 0.05]},
			"faces": {
				"north": {"uv": [13, 7, 13.25, 7.25], "texture": "#0"},
				"east": {"uv": [12, 12, 12.5, 12.25], "texture": "#0"},
				"south": {"uv": [8, 13, 8.25, 13.25], "texture": "#0"},
				"west": {"uv": [0, 13, 0.5, 13.25], "texture": "#0"},
				"up": {"uv": [13.25, 0.5, 13, 0], "texture": "#0"},
				"down": {"uv": [1.25, 13, 1, 13.5], "texture": "#0"}
			}
		},
		{
			"from": [7.15, 8.45, 7.95],
			"to": [7.25, 8.75, 8.25],
			"rotation": {"angle": 0, "axis": "y", "origin": [0.25, 0, 0]},
			"faces": {
				"north": {"uv": [13, 8, 13.25, 8.25], "texture": "#0"},
				"east": {"uv": [9, 13, 9.25, 13.25], "texture": "#0"},
				"south": {"uv": [13, 9, 13.25, 9.25], "texture": "#0"},
				"west": {"uv": [10, 13, 10.25, 13.25], "texture": "#0"},
				"up": {"uv": [13.25, 10.25, 13, 10], "texture": "#0"},
				"down": {"uv": [11.25, 13, 11, 13.25], "texture": "#0"}
			}
		},
		{
			"from": [7.25, 8.7, 7.9],
			"to": [7.35, 9, 8.1],
			"rotation": {"angle": 0, "axis": "y", "origin": [0.25, 0, 0]},
			"faces": {
				"north": {"uv": [13, 11, 13.25, 11.25], "texture": "#0"},
				"east": {"uv": [12, 13, 12.25, 13.25], "texture": "#0"},
				"south": {"uv": [13, 12, 13.25, 12.25], "texture": "#0"},
				"west": {"uv": [13, 13, 13.25, 13.25], "texture": "#0"},
				"up": {"uv": [0.25, 14.25, 0, 14], "texture": "#0"},
				"down": {"uv": [14.25, 0, 14, 0.25], "texture": "#0"}
			}
		},
		{
			"from": [7.65, 9.4, 8],
			"to": [7.75, 9.7, 8.2],
			"rotation": {"angle": 0, "axis": "y", "origin": [0.25, 0, 0]},
			"faces": {
				"north": {"uv": [1, 14, 1.25, 14.25], "texture": "#0"},
				"east": {"uv": [14, 1, 14.25, 1.25], "texture": "#0"},
				"south": {"uv": [2, 14, 2.25, 14.25], "texture": "#0"},
				"west": {"uv": [14, 2, 14.25, 2.25], "texture": "#0"},
				"up": {"uv": [3.25, 14.25, 3, 14], "texture": "#0"},
				"down": {"uv": [14.25, 3, 14, 3.25], "texture": "#0"}
			}
		},
		{
			"from": [7.15, 8.3, 7.8],
			"to": [7.25, 8.6, 8],
			"rotation": {"angle": 0, "axis": "y", "origin": [0.25, 0, 0]},
			"faces": {
				"north": {"uv": [4, 14, 4.25, 14.25], "texture": "#0"},
				"east": {"uv": [14, 4, 14.25, 4.25], "texture": "#0"},
				"south": {"uv": [5, 14, 5.25, 14.25], "texture": "#0"},
				"west": {"uv": [14, 5, 14.25, 5.25], "texture": "#0"},
				"up": {"uv": [6.25, 14.25, 6, 14], "texture": "#0"},
				"down": {"uv": [14.25, 6, 14, 6.25], "texture": "#0"}
			}
		},
		{
			"from": [7.25, 8.5, 7.5],
			"to": [7.95, 8.75, 8.5],
			"faces": {
				"north": {"uv": [9, 12, 9.75, 12.25], "texture": "#0"},
				"east": {"uv": [1, 12, 2, 12.25], "texture": "#0"},
				"south": {"uv": [12, 9, 12.75, 9.25], "texture": "#0"},
				"west": {"uv": [12, 1, 13, 1.25], "texture": "#0"},
				"up": {"uv": [11.75, 1, 11, 0], "texture": "#0"},
				"down": {"uv": [1.75, 11, 1, 12], "texture": "#0"}
			}
		},
		{
			"from": [7.5, 8.75, 7.5],
			"to": [7.95, 9.5, 8.5],
			"faces": {
				"north": {"uv": [11, 10, 11.5, 10.75], "texture": "#0"},
				"east": {"uv": [11, 1, 12, 1.75], "texture": "#0"},
				"south": {"uv": [11, 11, 11.5, 11.75], "texture": "#0"},
				"west": {"uv": [2, 11, 3, 11.75], "texture": "#0"},
				"up": {"uv": [11.5, 8, 11, 7], "texture": "#0"},
				"down": {"uv": [8.5, 11, 8, 12], "texture": "#0"}
			}
		},
		{
			"from": [7.75, 9.5, 7.5],
			"to": [7.95, 9.75, 8.5],
			"faces": {
				"north": {"uv": [7, 14, 7.25, 14.25], "texture": "#0"},
				"east": {"uv": [2, 12, 3, 12.25], "texture": "#0"},
				"south": {"uv": [14, 7, 14.25, 7.25], "texture": "#0"},
				"west": {"uv": [12, 2, 13, 2.25], "texture": "#0"},
				"up": {"uv": [12.25, 4, 12, 3], "texture": "#0"},
				"down": {"uv": [4.25, 12, 4, 13], "texture": "#0"}
			}
		},
		{
			"from": [6.6, 3, 7.75],
			"to": [8.1, 4.5, 8.25],
			"faces": {
				"north": {"uv": [2, 0, 3.5, 1.5], "texture": "#0"},
				"east": {"uv": [11, 2, 11.5, 3.5], "texture": "#0"},
				"south": {"uv": [2, 2, 3.5, 3.5], "texture": "#0"},
				"west": {"uv": [3, 11, 3.5, 12.5], "texture": "#0"},
				"up": {"uv": [5.5, 11.5, 4, 11], "texture": "#0"},
				"down": {"uv": [12.5, 4, 11, 4.5], "texture": "#0"}
			}
		},
		{
			"from": [6.85, 4.5, 7.75],
			"to": [7.85, 4.75, 8.25],
			"faces": {
				"north": {"uv": [5, 12, 6, 12.25], "texture": "#0"},
				"east": {"uv": [13, 1, 13.5, 1.25], "texture": "#0"},
				"south": {"uv": [12, 5, 13, 5.25], "texture": "#0"},
				"west": {"uv": [2, 13, 2.5, 13.25], "texture": "#0"},
				"up": {"uv": [12, 8.5, 11, 8], "texture": "#0"},
				"down": {"uv": [10, 11, 9, 11.5], "texture": "#0"}
			}
		},
		{
			"from": [6.85, 2.75, 7.75],
			"to": [7.85, 3, 8.25],
			"faces": {
				"north": {"uv": [6, 12, 7, 12.25], "texture": "#0"},
				"east": {"uv": [13, 2, 13.5, 2.25], "texture": "#0"},
				"south": {"uv": [12, 6, 13, 6.25], "texture": "#0"},
				"west": {"uv": [3, 13, 3.5, 13.25], "texture": "#0"},
				"up": {"uv": [12, 9.5, 11, 9], "texture": "#0"},
				"down": {"uv": [11, 11, 10, 11.5], "texture": "#0"}
			}
		},
		{
			"from": [7.1, 2.5, 7.75],
			"to": [7.6, 2.75, 8.25],
			"faces": {
				"north": {"uv": [13, 3, 13.5, 3.25], "texture": "#0"},
				"east": {"uv": [4, 13, 4.5, 13.25], "texture": "#0"},
				"south": {"uv": [13, 4, 13.5, 4.25], "texture": "#0"},
				"west": {"uv": [5, 13, 5.5, 13.25], "texture": "#0"},
				"up": {"uv": [7.5, 12.5, 7, 12], "texture": "#0"},
				"down": {"uv": [12.5, 7, 12, 7.5], "texture": "#0"}
			}
		},
		{
			"from": [7.1, 4.75, 7.75],
			"to": [7.6, 5, 8.25],
			"faces": {
				"north": {"uv": [13, 5, 13.5, 5.25], "texture": "#0"},
				"east": {"uv": [6, 13, 6.5, 13.25], "texture": "#0"},
				"south": {"uv": [13, 6, 13.5, 6.25], "texture": "#0"},
				"west": {"uv": [7, 13, 7.5, 13.25], "texture": "#0"},
				"up": {"uv": [8.5, 12.5, 8, 12], "texture": "#0"},
				"down": {"uv": [12.5, 8, 12, 8.5], "texture": "#0"}
			}
		}
	],
	"display": {
		"thirdperson_righthand": {
			"rotation": [0, 90, 0],
			"translation": [0, 3.75, -0.25]
		},
		"thirdperson_lefthand": {
			"rotation": [0, 90, 0],
			"translation": [0, 3.75, -0.25]
		},
		"firstperson_righthand": {
			"rotation": [0, 90, 0],
			"translation": [3.5, 5.25, -0.25]
		},
		"firstperson_lefthand": {
			"rotation": [0, 90, 0],
			"translation": [3.5, 5.25, -0.25]
		},
		"ground": {
			"translation": [0, 4.75, 0]
		},
		"gui": {
			"rotation": [0, 180, 0],
			"translation": [-1, 5.5, 0],
			"scale": [2, 2, 2]
		},
		"head": {
			"translation": [0, 10.75, -6.75]
		},
		"fixed": {
			"translation": [1.25, 5.5, 0],
			"scale": [2, 2, 2]
		}
	},
	"groups": [
		{
			"name": "group",
			"origin": [6.67821, 5.61501, 8],
			"color": 0,
			"children": [
				0,
				1,
				2,
				3,
				4,
				{
					"name": "group",
					"origin": [6.67821, 5.61501, 8],
					"color": 0,
					"children": [5, 6, 7, 8]
				},
				{
					"name": "group",
					"origin": [6.67821, 5.61501, 8],
					"color": 0,
					"children": [
						9,
						10,
						11,
						12,
						{
							"name": "group",
							"origin": [6.67821, 5.61501, 8],
							"color": 0,
							"children": [13, 14, 15]
						}
					]
				},
				16,
				17,
				18,
				19,
				20,
				21,
				22,
				23,
				24,
				25,
				26,
				{
					"name": "group",
					"origin": [0, 0, 0],
					"color": 0,
					"children": [27, 28, 29, 30, 31]
				}
			]
		}
	]
}