{
	"credit": "Made with Blockbench",
	"textures": {
		"0": "item/key_2",
		"particle": "item/key_2"
	},
	"elements": [
		{
			"from": [6.85, 2.625, 7.5],
			"to": [8.05, 6.625, 8.5],
			"rotation": {"angle": 0, "axis": "z", "origin": [7.4, 8.3125, 8.075]},
			"faces": {
				"north": {"uv": [0, 0, 1.25, 4], "texture": "#0"},
				"east": {"uv": [0, 4, 1, 8], "texture": "#0"},
				"south": {"uv": [2, 0, 3.25, 4], "texture": "#0"},
				"west": {"uv": [4, 0, 5, 4], "texture": "#0"},
				"up": {"uv": [2.25, 5, 1, 4], "texture": "#0"},
				"down": {"uv": [4.25, 4, 3, 5], "texture": "#0"}
			}
		},
		{
			"from": [5.65, 5.375, 7.75],
			"to": [6.85, 6.125, 8.25],
			"rotation": {"angle": 0, "axis": "y", "origin": [7.45, 8.3125, 8.075]},
			"faces": {
				"north": {"uv": [5, 1, 6.25, 1.75], "texture": "#0"},
				"east": {"uv": [3, 7, 3.5, 7.75], "texture": "#0"},
				"south": {"uv": [2, 5, 3.25, 5.75], "texture": "#0"},
				"west": {"uv": [7, 3, 7.5, 3.75], "texture": "#0"},
				"up": {"uv": [2.25, 6.5, 1, 6], "texture": "#0"},
				"down": {"uv": [4.25, 6, 3, 6.5], "texture": "#0"}
			}
		},
		{
			"from": [5.45, 5.475, 7.85],
			"to": [5.65, 6.025, 8.15],
			"rotation": {"angle": 0, "axis": "y", "origin": [7.5, 8.3125, 8.075]},
			"faces": {
				"north": {"uv": [4, 8, 4.25, 8.5], "texture": "#0"},
				"east": {"uv": [8, 4, 8.25, 4.5], "texture": "#0"},
				"south": {"uv": [5, 8, 5.25, 8.5], "texture": "#0"},
				"west": {"uv": [8, 5, 8.25, 5.5], "texture": "#0"},
				"up": {"uv": [9.25, 3.25, 9, 3], "texture": "#0"},
				"down": {"uv": [4.25, 9, 4, 9.25], "texture": "#0"}
			}
		},
		{
			"from": [5.45, 3.975, 7.85],
			"to": [5.65, 4.525, 8.15],
			"rotation": {"angle": 0, "axis": "y", "origin": [7.5, 8.3125, 8.075]},
			"faces": {
				"north": {"uv": [6, 8, 6.25, 8.5], "texture": "#0"},
				"east": {"uv": [8, 6, 8.25, 6.5], "texture": "#0"},
				"south": {"uv": [7, 8, 7.25, 8.5], "texture": "#0"},
				"west": {"uv": [8, 7, 8.25, 7.5], "texture": "#0"},
				"up": {"uv": [9.25, 4.25, 9, 4], "texture": "#0"},
				"down": {"uv": [5.25, 9, 5, 9.25], "texture": "#0"}
			}
		},
		{
			"from": [5.65, 3.875, 7.75],
			"to": [6.85, 4.625, 8.25],
			"rotation": {"angle": 0, "axis": "y", "origin": [7.45, 8.3125, 8.075]},
			"faces": {
				"north": {"uv": [5, 2, 6.25, 2.75], "texture": "#0"},
				"east": {"uv": [4, 7, 4.5, 7.75], "texture": "#0"},
				"south": {"uv": [5, 3, 6.25, 3.75], "texture": "#0"},
				"west": {"uv": [5, 7, 5.5, 7.75], "texture": "#0"},
				"up": {"uv": [7.25, 4.5, 6, 4], "texture": "#0"},
				"down": {"uv": [6.25, 6, 5, 6.5], "texture": "#0"}
			}
		},
		{
			"from": [6.85, 2.125, 7.5],
			"to": [7.8, 2.625, 8.5],
			"rotation": {"angle": 0, "axis": "z", "origin": [7.4, 8.3125, 8.075]},
			"faces": {
				"north": {"uv": [6, 5, 7, 5.5], "texture": "#0"},
				"east": {"uv": [7, 0, 8, 0.5], "texture": "#0"},
				"south": {"uv": [1, 7, 2, 7.5], "texture": "#0"},
				"west": {"uv": [7, 1, 8, 1.5], "texture": "#0"},
				"up": {"uv": [6, 1, 5, 0], "texture": "#0"},
				"down": {"uv": [2, 5, 1, 6], "texture": "#0"}
			}
		},
		{
			"from": [7.15, 1.375, 7.75],
			"to": [7.45, 1.875, 8.25],
			"rotation": {"angle": 0, "axis": "z", "origin": [7.4, 8.3125, 8.075]},
			"faces": {
				"north": {"uv": [8, 8, 8.25, 8.5], "texture": "#0"},
				"east": {"uv": [7, 6, 7.5, 6.5], "texture": "#0"},
				"south": {"uv": [0, 9, 0.25, 9.5], "texture": "#0"},
				"west": {"uv": [7, 7, 7.5, 7.5], "texture": "#0"},
				"up": {"uv": [9.25, 0.5, 9, 0], "texture": "#0"},
				"down": {"uv": [1.25, 9, 1, 9.5], "texture": "#0"}
			}
		},
		{
			"from": [7.75, 2.325, 8],
			"to": [7.95, 2.625, 8.5],
			"rotation": {"angle": 0, "axis": "z", "origin": [7.4, 8.3125, 8.075]},
			"faces": {
				"north": {"uv": [9, 5, 9.25, 5.25], "texture": "#0"},
				"east": {"uv": [9, 1, 9.5, 1.25], "texture": "#0"},
				"south": {"uv": [6, 9, 6.25, 9.25], "texture": "#0"},
				"west": {"uv": [2, 9, 2.5, 9.25], "texture": "#0"},
				"up": {"uv": [9.25, 2.5, 9, 2], "texture": "#0"},
				"down": {"uv": [3.25, 9, 3, 9.5], "texture": "#0"}
			}
		},
		{
			"from": [7.55, 1.875, 7.95],
			"to": [7.65, 2.175, 8.25],
			"rotation": {"angle": 0, "axis": "z", "origin": [7.4, 8.3125, 8.075]},
			"faces": {
				"north": {"uv": [9, 6, 9.25, 6.25], "texture": "#0"},
				"east": {"uv": [7, 9, 7.25, 9.25], "texture": "#0"},
				"south": {"uv": [9, 7, 9.25, 7.25], "texture": "#0"},
				"west": {"uv": [8, 9, 8.25, 9.25], "texture": "#0"},
				"up": {"uv": [9.25, 8.25, 9, 8], "texture": "#0"},
				"down": {"uv": [9.25, 9, 9, 9.25], "texture": "#0"}
			}
		},
		{
			"from": [7.45, 1.625, 7.9],
			"to": [7.55, 1.925, 8.1],
			"rotation": {"angle": 0, "axis": "z", "origin": [7.4, 8.3125, 8.075]},
			"faces": {
				"north": {"uv": [0, 10, 0.25, 10.25], "texture": "#0"},
				"east": {"uv": [10, 0, 10.25, 0.25], "texture": "#0"},
				"south": {"uv": [1, 10, 1.25, 10.25], "texture": "#0"},
				"west": {"uv": [10, 1, 10.25, 1.25], "texture": "#0"},
				"up": {"uv": [2.25, 10.25, 2, 10], "texture": "#0"},
				"down": {"uv": [10.25, 2, 10, 2.25], "texture": "#0"}
			}
		},
		{
			"from": [7.05, 0.925, 8],
			"to": [7.15, 1.225, 8.2],
			"rotation": {"angle": 0, "axis": "z", "origin": [7.4, 8.3125, 8.075]},
			"faces": {
				"north": {"uv": [3, 10, 3.25, 10.25], "texture": "#0"},
				"east": {"uv": [10, 3, 10.25, 3.25], "texture": "#0"},
				"south": {"uv": [4, 10, 4.25, 10.25], "texture": "#0"},
				"west": {"uv": [10, 4, 10.25, 4.25], "texture": "#0"},
				"up": {"uv": [5.25, 10.25, 5, 10], "texture": "#0"},
				"down": {"uv": [10.25, 5, 10, 5.25], "texture": "#0"}
			}
		},
		{
			"from": [7.55, 2.025, 7.8],
			"to": [7.65, 2.325, 8],
			"rotation": {"angle": 0, "axis": "z", "origin": [7.4, 8.3125, 8.075]},
			"faces": {
				"north": {"uv": [6, 10, 6.25, 10.25], "texture": "#0"},
				"east": {"uv": [10, 6, 10.25, 6.25], "texture": "#0"},
				"south": {"uv": [7, 10, 7.25, 10.25], "texture": "#0"},
				"west": {"uv": [10, 7, 10.25, 7.25], "texture": "#0"},
				"up": {"uv": [8.25, 10.25, 8, 10], "texture": "#0"},
				"down": {"uv": [10.25, 8, 10, 8.25], "texture": "#0"}
			}
		},
		{
			"from": [6.85, 1.875, 7.5],
			"to": [7.55, 2.125, 8.5],
			"rotation": {"angle": 0, "axis": "z", "origin": [7.4, 8.3125, 8.075]},
			"faces": {
				"north": {"uv": [3, 8, 3.75, 8.25], "texture": "#0"},
				"east": {"uv": [0, 8, 1, 8.25], "texture": "#0"},
				"south": {"uv": [8, 3, 8.75, 3.25], "texture": "#0"},
				"west": {"uv": [8, 0, 9, 0.25], "texture": "#0"},
				"up": {"uv": [4.75, 6, 4, 5], "texture": "#0"},
				"down": {"uv": [5.75, 4, 5, 5], "texture": "#0"}
			}
		},
		{
			"from": [6.85, 1.125, 7.5],
			"to": [7.3, 1.875, 8.5],
			"rotation": {"angle": 0, "axis": "z", "origin": [7.4, 8.3125, 8.075]},
			"faces": {
				"north": {"uv": [7, 5, 7.5, 5.75], "texture": "#0"},
				"east": {"uv": [5, 5, 6, 5.75], "texture": "#0"},
				"south": {"uv": [6, 7, 6.5, 7.75], "texture": "#0"},
				"west": {"uv": [6, 0, 7, 0.75], "texture": "#0"},
				"up": {"uv": [2.5, 8, 2, 7], "texture": "#0"},
				"down": {"uv": [7.5, 2, 7, 3], "texture": "#0"}
			}
		},
		{
			"from": [6.85, 0.875, 7.5],
			"to": [7.05, 1.125, 8.5],
			"rotation": {"angle": 0, "axis": "z", "origin": [7.4, 8.3125, 8.075]},
			"faces": {
				"north": {"uv": [9, 10, 9.25, 10.25], "texture": "#0"},
				"east": {"uv": [1, 8, 2, 8.25], "texture": "#0"},
				"south": {"uv": [10, 9, 10.25, 9.25], "texture": "#0"},
				"west": {"uv": [8, 1, 9, 1.25], "texture": "#0"},
				"up": {"uv": [2.25, 9, 2, 8], "texture": "#0"},
				"down": {"uv": [8.25, 2, 8, 3], "texture": "#0"}
			}
		}
	],
	"display": {
		"thirdperson_righthand": {
			"rotation": [0, -90, 0],
			"translation": [0, 4.75, 1.75]
		},
		"thirdperson_lefthand": {
			"rotation": [0, 90, 0],
			"translation": [0, 4.75, 1.75]
		},
		"firstperson_righthand": {
			"rotation": [0, -90, 0],
			"translation": [2.25, 7.25, 1.75]
		},
		"firstperson_lefthand": {
			"rotation": [0, 90, 0],
			"translation": [2.25, 7.25, 1.25]
		},
		"ground": {
			"translation": [0, 4.75, 0]
		},
		"gui": {
			"rotation": [0, -180, 0],
			"translation": [-1, 8.5, 0],
			"scale": [2, 2, 2]
		},
		"head": {
			"rotation": [-28.5, -90, 0],
			"translation": [0, 10.5, -8.5]
		},
		"fixed": {
			"translation": [1.25, 8.5, 0],
			"scale": [2, 2, 2]
		}
	},
	"groups": [
		{
			"name": "group",
			"origin": [6.67821, 5.61501, 8],
			"color": 0,
			"children": [0, 1, 2, 3, 4, 5, 6, 7, 8, 9, 10, 11, 12, 13, 14]
		}
	]
}