{
	"credit": "Made with Blockbench",
	"textures": {
		"particle": "item/key_3",
		"1_0": "item/key_3"
	},
	"elements": [
		{
			"from": [5.55, 11.275, 7.75],
			"to": [6.75, 12.025, 8.25],
			"rotation": {"angle": 0, "axis": "y", "origin": [7.45, 8.3125, 8.075]},
			"faces": {
				"north": {"uv": [5, 1, 6.25, 1.75], "texture": "#1_0"},
				"east": {"uv": [3, 7, 3.5, 7.75], "texture": "#1_0"},
				"south": {"uv": [2, 5, 3.25, 5.75], "texture": "#1_0"},
				"west": {"uv": [7, 3, 7.5, 3.75], "texture": "#1_0"},
				"up": {"uv": [2.25, 6.5, 1, 6], "texture": "#1_0"},
				"down": {"uv": [4.25, 6, 3, 6.5], "texture": "#1_0"}
			}
		},
		{
			"from": [5.35, 11.375, 7.85],
			"to": [5.55, 11.925, 8.15],
			"rotation": {"angle": 0, "axis": "y", "origin": [7.5, 8.3125, 8.075]},
			"faces": {
				"north": {"uv": [4, 8, 4.25, 8.5], "texture": "#1_0"},
				"east": {"uv": [8, 4, 8.25, 4.5], "texture": "#1_0"},
				"south": {"uv": [5, 8, 5.25, 8.5], "texture": "#1_0"},
				"west": {"uv": [8, 5, 8.25, 5.5], "texture": "#1_0"},
				"up": {"uv": [9.25, 3.25, 9, 3], "texture": "#1_0"},
				"down": {"uv": [4.25, 9, 4, 9.25], "texture": "#1_0"}
			}
		},
		{
			"from": [5.35, 9.875, 7.85],
			"to": [5.55, 10.425, 8.15],
			"rotation": {"angle": 0, "axis": "y", "origin": [7.5, 8.3125, 8.075]},
			"faces": {
				"north": {"uv": [6, 8, 6.25, 8.5], "texture": "#1_0"},
				"east": {"uv": [8, 6, 8.25, 6.5], "texture": "#1_0"},
				"south": {"uv": [7, 8, 7.25, 8.5], "texture": "#1_0"},
				"west": {"uv": [8, 7, 8.25, 7.5], "texture": "#1_0"},
				"up": {"uv": [9.25, 4.25, 9, 4], "texture": "#1_0"},
				"down": {"uv": [5.25, 9, 5, 9.25], "texture": "#1_0"}
			}
		},
		{
			"from": [5.55, 9.775, 7.75],
			"to": [6.75, 10.525, 8.25],
			"rotation": {"angle": 0, "axis": "y", "origin": [7.45, 8.3125, 8.075]},
			"faces": {
				"north": {"uv": [5, 2, 6.25, 1], "texture": "#1_0"},
				"east": {"uv": [4, 7, 4.5, 7.75], "texture": "#1_0"},
				"south": {"uv": [5, 3, 6.25, 3.75], "texture": "#1_0"},
				"west": {"uv": [5, 7, 5.5, 7.75], "texture": "#1_0"},
				"up": {"uv": [7.25, 4.5, 6, 4], "texture": "#1_0"},
				"down": {"uv": [6.25, 6, 5, 6.5], "texture": "#1_0"}
			}
		},
		{
			"from": [6.85642, 4.24003, 7.5],
			"to": [7.85642, 5.23003, 8.5],
			"rotation": {"angle": 0, "axis": "y", "origin": [-0.09358, -1.25997, 0]},
			"faces": {
				"north": {"uv": [3, 4, 4, 5], "texture": "#1_0"},
				"east": {"uv": [4, 3, 5, 4], "texture": "#1_0"},
				"south": {"uv": [4, 4, 5, 5], "texture": "#1_0"},
				"west": {"uv": [5, 0, 6, 1], "texture": "#1_0"},
				"up": {"uv": [2, 6, 1, 5], "texture": "#1_0"},
				"down": {"uv": [6, 1, 5, 2], "texture": "#1_0"}
			}
		},
		{
			"from": [5.84263, 3.2402, 7.5],
			"to": [6.84263, 4.2302, 8.5],
			"rotation": {"angle": 45, "axis": "z", "origin": [5.64263, 3.4402, 8]},
			"faces": {
				"north": {"uv": [2, 5, 3, 6], "texture": "#1_0"},
				"east": {"uv": [3, 5, 4, 6], "texture": "#1_0"},
				"south": {"uv": [5, 3, 6, 4], "texture": "#1_0"},
				"west": {"uv": [4, 5, 5, 6], "texture": "#1_0"},
				"up": {"uv": [6, 5, 5, 4], "texture": "#1_0"},
				"down": {"uv": [6, 5, 5, 6], "texture": "#1_0"}
			}
		},
		{
			"from": [4.99641, 2.98887, 7.5],
			"to": [5.98641, 3.98887, 8.5],
			"rotation": {"angle": -22.5, "axis": "z", "origin": [5.49141, 3.48887, 8]},
			"faces": {
				"north": {"uv": [0, 6, 1, 7], "texture": "#1_0"},
				"east": {"uv": [6, 0, 7, 1], "texture": "#1_0"},
				"south": {"uv": [1, 6, 2, 7], "texture": "#1_0"},
				"west": {"uv": [6, 1, 7, 2], "texture": "#1_0"},
				"up": {"uv": [3, 7, 2, 6], "texture": "#1_0"},
				"down": {"uv": [7, 2, 6, 3], "texture": "#1_0"}
			}
		},
		{
			"from": [4.84275, 2.21636, 7.5],
			"to": [5.83275, 3.21636, 8.5],
			"rotation": {"angle": 0, "axis": "y", "origin": [5.33775, 2.71636, 8]},
			"faces": {
				"north": {"uv": [3, 6, 4, 7], "texture": "#1_0"},
				"east": {"uv": [6, 3, 7, 4], "texture": "#1_0"},
				"south": {"uv": [4, 6, 5, 7], "texture": "#1_0"},
				"west": {"uv": [6, 4, 7, 5], "texture": "#1_0"},
				"up": {"uv": [6, 7, 5, 6], "texture": "#1_0"},
				"down": {"uv": [7, 5, 6, 6], "texture": "#1_0"}
			}
		},
		{
			"from": [6.07821, 4.11501, 7.5],
			"to": [7.07821, 5.11501, 8.5],
			"rotation": {"angle": 22.5, "axis": "z", "origin": [6.67821, 4.61501, 8]},
			"faces": {
				"north": {"uv": [6, 6, 7, 7], "texture": "#1_0"},
				"east": {"uv": [0, 7, 1, 8], "texture": "#1_0"},
				"south": {"uv": [7, 0, 8, 1], "texture": "#1_0"},
				"west": {"uv": [1, 7, 2, 8], "texture": "#1_0"},
				"up": {"uv": [8, 2, 7, 1], "texture": "#1_0"},
				"down": {"uv": [3, 7, 2, 8], "texture": "#1_0"}
			}
		},
		{
			"from": [5.25607, 1.19553, 7.5],
			"to": [6.24607, 2.19553, 8.5],
			"rotation": {"angle": 45, "axis": "z", "origin": [6.33084, 1.70702, 8]},
			"faces": {
				"north": {"uv": [7, 2, 8, 3], "texture": "#1_0"},
				"east": {"uv": [3, 7, 4, 8], "texture": "#1_0"},
				"south": {"uv": [7, 3, 8, 4], "texture": "#1_0"},
				"west": {"uv": [4, 7, 5, 8], "texture": "#1_0"},
				"up": {"uv": [8, 5, 7, 4], "texture": "#1_0"},
				"down": {"uv": [6, 7, 5, 8], "texture": "#1_0"}
			}
		},
		{
			"from": [6.3921, 0.51833, 7.5],
			"to": [7.3921, 1.50833, 8.5],
			"rotation": {"angle": -22.5, "axis": "z", "origin": [6.33084, 1.70702, 8]},
			"faces": {
				"north": {"uv": [7, 5, 8, 6], "texture": "#1_0"},
				"east": {"uv": [6, 7, 7, 8], "texture": "#1_0"},
				"south": {"uv": [7, 6, 8, 7], "texture": "#1_0"},
				"west": {"uv": [7, 7, 8, 8], "texture": "#1_0"},
				"up": {"uv": [1, 9, 0, 8], "texture": "#1_0"},
				"down": {"uv": [9, 0, 8, 1], "texture": "#1_0"}
			}
		},
		{
			"from": [6.85642, 0.20269, 7.5],
			"to": [7.85642, 1.19269, 8.5],
			"rotation": {"angle": 0, "axis": "y", "origin": [6.33084, 1.70702, 8]},
			"faces": {
				"north": {"uv": [1, 8, 2, 9], "texture": "#1_0"},
				"east": {"uv": [8, 1, 9, 2], "texture": "#1_0"},
				"south": {"uv": [2, 8, 3, 9], "texture": "#1_0"},
				"west": {"uv": [8, 2, 9, 3], "texture": "#1_0"},
				"up": {"uv": [4, 9, 3, 8], "texture": "#1_0"},
				"down": {"uv": [9, 3, 8, 4], "texture": "#1_0"}
			}
		},
		{
			"from": [5.15094, 1.74705, 7.5],
			"to": [6.15094, 2.74705, 8.5],
			"rotation": {"angle": 22.5, "axis": "z", "origin": [6.33084, 1.70702, 8]},
			"faces": {
				"north": {"uv": [4, 8, 5, 9], "texture": "#1_0"},
				"east": {"uv": [8, 4, 9, 5], "texture": "#1_0"},
				"south": {"uv": [5, 8, 6, 9], "texture": "#1_0"},
				"west": {"uv": [8, 5, 9, 6], "texture": "#1_0"},
				"up": {"uv": [7, 9, 6, 8], "texture": "#1_0"},
				"down": {"uv": [9, 6, 8, 7], "texture": "#1_0"}
			}
		},
		{
			"from": [7.16354, 0.91163, 7.5],
			"to": [8.16354, 1.90163, 8.5],
			"rotation": {"angle": 45, "axis": "z", "origin": [8.36576, 2.70011, 8]},
			"faces": {
				"north": {"uv": [7, 8, 8, 9], "texture": "#1_0"},
				"east": {"uv": [8, 7, 9, 8], "texture": "#1_0"},
				"south": {"uv": [8, 8, 9, 9], "texture": "#1_0"},
				"west": {"uv": [0, 9, 1, 10], "texture": "#1_0"},
				"up": {"uv": [10, 1, 9, 0], "texture": "#1_0"},
				"down": {"uv": [2, 9, 1, 10], "texture": "#1_0"}
			}
		},
		{
			"from": [8.9507, 1.82886, 7.5],
			"to": [9.9407, 2.82886, 8.5],
			"rotation": {"angle": -22.5, "axis": "z", "origin": [8.36576, 2.70011, 8]},
			"faces": {
				"north": {"uv": [9, 1, 10, 2], "texture": "#1_0"},
				"east": {"uv": [2, 9, 3, 10], "texture": "#1_0"},
				"south": {"uv": [9, 2, 10, 3], "texture": "#1_0"},
				"west": {"uv": [3, 9, 4, 10], "texture": "#1_0"},
				"up": {"uv": [10, 4, 9, 3], "texture": "#1_0"},
				"down": {"uv": [5, 9, 4, 10], "texture": "#1_0"}
			}
		},
		{
			"from": [8.88009, 2.21636, 7.5],
			"to": [9.87009, 3.21636, 8.5],
			"rotation": {"angle": 0, "axis": "y", "origin": [8.36576, 2.70011, 8]},
			"faces": {
				"north": {"uv": [9, 4, 10, 5], "texture": "#1_0"},
				"east": {"uv": [5, 9, 6, 10], "texture": "#1_0"},
				"south": {"uv": [9, 5, 10, 6], "texture": "#1_0"},
				"west": {"uv": [6, 9, 7, 10], "texture": "#1_0"},
				"up": {"uv": [10, 7, 9, 6], "texture": "#1_0"},
				"down": {"uv": [8, 9, 7, 10], "texture": "#1_0"}
			}
		},
		{
			"from": [6.93947, 0.58771, 7.5],
			"to": [7.93947, 1.58771, 8.5],
			"rotation": {"angle": 22.5, "axis": "z", "origin": [8.36576, 2.70011, 8]},
			"faces": {
				"north": {"uv": [9, 7, 10, 8], "texture": "#1_0"},
				"east": {"uv": [8, 9, 9, 10], "texture": "#1_0"},
				"south": {"uv": [9, 8, 10, 9], "texture": "#1_0"},
				"west": {"uv": [9, 9, 10, 10], "texture": "#1_0"},
				"up": {"uv": [1, 11, 0, 10], "texture": "#1_0"},
				"down": {"uv": [11, 0, 10, 1], "texture": "#1_0"}
			}
		},
		{
			"from": [9.18721, 2.9253, 7.5],
			"to": [10.17721, 3.9253, 8.5],
			"rotation": {"angle": 45, "axis": "z", "origin": [8.36576, 2.70011, 8]},
			"faces": {
				"north": {"uv": [1, 10, 2, 11], "texture": "#1_0"},
				"east": {"uv": [10, 1, 11, 2], "texture": "#1_0"},
				"south": {"uv": [2, 10, 3, 11], "texture": "#1_0"},
				"west": {"uv": [10, 2, 11, 3], "texture": "#1_0"},
				"up": {"uv": [4, 11, 3, 10], "texture": "#1_0"},
				"down": {"uv": [11, 3, 10, 4], "texture": "#1_0"}
			}
		},
		{
			"from": [6.92703, 3.85253, 7.5],
			"to": [7.92703, 4.84253, 8.5],
			"rotation": {"angle": -22.5, "axis": "z", "origin": [8.36576, 2.70011, 8]},
			"faces": {
				"north": {"uv": [4, 10, 5, 11], "texture": "#1_0"},
				"east": {"uv": [10, 4, 11, 5], "texture": "#1_0"},
				"south": {"uv": [5, 10, 6, 11], "texture": "#1_0"},
				"west": {"uv": [10, 5, 11, 6], "texture": "#1_0"},
				"up": {"uv": [7, 11, 6, 10], "texture": "#1_0"},
				"down": {"uv": [11, 6, 10, 7], "texture": "#1_0"}
			}
		},
		{
			"from": [8.95314, 2.60138, 7.5],
			"to": [9.95314, 3.60138, 8.5],
			"rotation": {"angle": 22.5, "axis": "z", "origin": [8.36576, 2.70011, 8]},
			"faces": {
				"north": {"uv": [7, 10, 8, 11], "texture": "#1_0"},
				"east": {"uv": [10, 7, 11, 8], "texture": "#1_0"},
				"south": {"uv": [8, 10, 9, 11], "texture": "#1_0"},
				"west": {"uv": [10, 8, 11, 9], "texture": "#1_0"},
				"up": {"uv": [10, 11, 9, 10], "texture": "#1_0"},
				"down": {"uv": [11, 9, 10, 10], "texture": "#1_0"}
			}
		},
		{
			"from": [6.75, 5, 7.5],
			"to": [7.95, 12.5, 8.5],
			"rotation": {"angle": 0, "axis": "y", "origin": [0, -1, 0]},
			"faces": {
				"north": {"uv": [9.75, 0, 11, 9.5], "texture": "#1_0"},
				"east": {"uv": [9.75, 0, 11, 9.5], "texture": "#1_0"},
				"south": {"uv": [9.75, 0, 11, 9.5], "texture": "#1_0"},
				"west": {"uv": [9.75, 0, 11, 9.5], "texture": "#1_0"},
				"up": {"uv": [2.25, 5, 1, 4], "texture": "#1_0"},
				"down": {"uv": [5.25, 2, 4, 3], "texture": "#1_0"}
			}
		},
		{
			"from": [6.6, 2, 7.75],
			"to": [8.1, 3.5, 8.25],
			"rotation": {"angle": 0, "axis": "y", "origin": [0, -1, 0]},
			"faces": {
				"north": {"uv": [2, 0, 3.5, 1.5], "texture": "#1_0"},
				"east": {"uv": [11, 2, 11.5, 3.5], "texture": "#1_0"},
				"south": {"uv": [2, 2, 3.5, 3.5], "texture": "#1_0"},
				"west": {"uv": [3, 11, 3.5, 12.5], "texture": "#1_0"},
				"up": {"uv": [5.5, 11.5, 4, 11], "texture": "#1_0"},
				"down": {"uv": [12.5, 4, 11, 4.5], "texture": "#1_0"}
			}
		},
		{
			"from": [6.85, 3.5, 7.75],
			"to": [7.85, 3.75, 8.25],
			"rotation": {"angle": 0, "axis": "y", "origin": [0, -1, 0]},
			"faces": {
				"north": {"uv": [5, 12, 6, 12.25], "texture": "#1_0"},
				"east": {"uv": [13, 1, 13.5, 1.25], "texture": "#1_0"},
				"south": {"uv": [12, 5, 13, 5.25], "texture": "#1_0"},
				"west": {"uv": [2, 13, 2.5, 13.25], "texture": "#1_0"},
				"up": {"uv": [12, 8.5, 11, 8], "texture": "#1_0"},
				"down": {"uv": [10, 11, 9, 11.5], "texture": "#1_0"}
			}
		},
		{
			"from": [6.85, 1.75, 7.75],
			"to": [7.85, 2, 8.25],
			"rotation": {"angle": 0, "axis": "y", "origin": [0, -1, 0]},
			"faces": {
				"north": {"uv": [6, 12, 7, 12.25], "texture": "#1_0"},
				"east": {"uv": [13, 2, 13.5, 2.25], "texture": "#1_0"},
				"south": {"uv": [12, 6, 13, 6.25], "texture": "#1_0"},
				"west": {"uv": [3, 13, 3.5, 13.25], "texture": "#1_0"},
				"up": {"uv": [12, 9.5, 11, 9], "texture": "#1_0"},
				"down": {"uv": [11, 11, 10, 11.5], "texture": "#1_0"}
			}
		},
		{
			"from": [7.1, 1.5, 7.75],
			"to": [7.6, 1.75, 8.25],
			"rotation": {"angle": 0, "axis": "y", "origin": [0, -1, 0]},
			"faces": {
				"north": {"uv": [13, 3, 13.5, 3.25], "texture": "#1_0"},
				"east": {"uv": [4, 13, 4.5, 13.25], "texture": "#1_0"},
				"south": {"uv": [13, 4, 13.5, 4.25], "texture": "#1_0"},
				"west": {"uv": [5, 13, 5.5, 13.25], "texture": "#1_0"},
				"up": {"uv": [7.5, 12.5, 7, 12], "texture": "#1_0"},
				"down": {"uv": [12.5, 7, 12, 7.5], "texture": "#1_0"}
			}
		},
		{
			"from": [7.1, 3.75, 7.75],
			"to": [7.6, 4, 8.25],
			"rotation": {"angle": 0, "axis": "y", "origin": [0, -1, 0]},
			"faces": {
				"north": {"uv": [13, 5, 13.5, 5.25], "texture": "#1_0"},
				"east": {"uv": [6, 13, 6.5, 13.25], "texture": "#1_0"},
				"south": {"uv": [13, 6, 13.5, 6.25], "texture": "#1_0"},
				"west": {"uv": [7, 13, 7.5, 13.25], "texture": "#1_0"},
				"up": {"uv": [8.5, 12.5, 8, 12], "texture": "#1_0"},
				"down": {"uv": [12.5, 8, 12, 8.5], "texture": "#1_0"}
			}
		}
	],
	"display": {
		"thirdperson_righthand": {
			"rotation": [0, -90, 0],
			"translation": [0, 5, 1]
		},
		"thirdperson_lefthand": {
			"rotation": [0, 90, 0],
			"translation": [0, 5, 1]
		},
		"firstperson_righthand": {
			"rotation": [0, -90, 0],
			"translation": [2.75, 6.75, 1]
		},
		"firstperson_lefthand": {
			"rotation": [0, 90, 0],
			"translation": [2.75, 6.75, 1]
		},
		"ground": {
			"translation": [0, 4.75, 0]
		},
		"gui": {
			"rotation": [0, -180, 45],
			"translation": [1, 2.75, 0],
			"scale": [1.5, 1.5, 1.5]
		},
		"head": {
			"translation": [0, 10.75, -6.75]
		},
		"fixed": {
			"rotation": [0, 0, 45],
			"translation": [-1.25, 3.5, 0],
			"scale": [1.7, 1.7, 1.7]
		}
	},
	"groups": [
		{
			"name": "group",
			"origin": [6.67821, 5.61501, 8],
			"color": 0,
			"children": [
				0,
				1,
				2,
				3,
				{
					"name": "key",
					"origin": [8, 8, 8],
					"color": 0,
					"children": [
						{
							"name": "group",
							"origin": [6.67821, 5.61501, 8],
							"color": 0,
							"children": [
								4,
								5,
								6,
								7,
								8,
								{
									"name": "group",
									"origin": [6.67821, 5.61501, 8],
									"color": 0,
									"children": [9, 10, 11, 12]
								},
								{
									"name": "group",
									"origin": [6.67821, 5.61501, 8],
									"color": 0,
									"children": [
										13,
										14,
										15,
										16,
										{
											"name": "group",
											"origin": [6.67821, 5.61501, 8],
											"color": 0,
											"children": [17, 18, 19]
										}
									]
								},
								20,
								{
									"name": "group",
									"origin": [0, 0, 0],
									"color": 0,
									"children": [21, 22, 23, 24, 25]
								}
							]
						}
					]
				}
			]
		}
	]
}