{
    "parent": "minecraft:item/generated",
    "textures": {
      "layer0": "minecraft:item/nautilus_shell"
    },
    "overrides": [
        {"predicate": {"custom_model_data": 1}, "model": "item/red_command_block"},
        {"predicate": {"custom_model_data": 2}, "model": "item/black_command_block"},
        {"predicate": {"custom_model_data": 3}, "model": "item/yellow_command_block"},
        {"predicate": {"custom_model_data": 4}, "model": "item/white_command_block"},
        {"predicate": {"custom_model_data": 5}, "model": "item/black_zone"},
        {"predicate": {"custom_model_data": 6}, "model": "item/command_scrap"}
    ]
  }