{
	"credit": "Made with Blockbench",
	"texture_size": [32, 32],
	"textures": {
		"0": "item/white_death",
		"particle": "item/white_death"
	},
	"elements": [
		{
			"from": [7.5, 0.41903, 11.59295],
			"to": [8.5, 1.17903, 13.44295],
			"rotation": {"angle": 0, "axis": "x", "origin": [8, 2.36903, 8.59295]},
			"faces": {
				"north": {"uv": [3.5, 6.5, 4, 7], "texture": "#0"},
				"east": {"uv": [4.5, 7, 5.5, 7.5], "texture": "#0"},
				"south": {"uv": [3, 7.5, 3.5, 8], "texture": "#0"},
				"west": {"uv": [7, 5, 8, 5.5], "texture": "#0"},
				"up": {"uv": [6, 8, 5.5, 7], "texture": "#0"},
				"down": {"uv": [7, 7, 6.5, 8], "texture": "#0"}
			}
		},
		{
			"from": [7.5, 0.5, 11],
			"to": [8.5, 4.4, 13],
			"rotation": {"angle": -22.5, "axis": "x", "origin": [8, 1.95, 11.5]},
			"faces": {
				"north": {"uv": [6, 6, 6.5, 8], "texture": "#0"},
				"east": {"uv": [4, 3, 5, 5], "texture": "#0"},
				"south": {"uv": [0, 6.5, 0.5, 8.5], "texture": "#0"},
				"west": {"uv": [0, 4.5, 1, 6.5], "texture": "#0"},
				"up": {"uv": [7.5, 8, 7, 7], "texture": "#0"},
				"down": {"uv": [1, 7.5, 0.5, 8.5], "texture": "#0"}
			}
		},
		{
			"from": [7.75, 3.24331, 8.96312],
			"to": [8.25, 4.09331, 9.21312],
			"rotation": {"angle": -22.5, "axis": "x", "origin": [8, 3.54331, 9.08812]},
			"faces": {
				"north": {"uv": [9.5, 9, 9.75, 9.5], "texture": "#0"},
				"east": {"uv": [0, 10, 0.25, 10.5], "texture": "#0"},
				"south": {"uv": [10, 0, 10.25, 0.5], "texture": "#0"},
				"west": {"uv": [0.5, 10, 0.75, 10.5], "texture": "#0"},
				"up": {"uv": [10.75, 1.75, 10.5, 1.5], "texture": "#0"},
				"down": {"uv": [2.25, 10.5, 2, 10.75], "texture": "#0"}
			}
		},
		{
			"from": [7.75, 3.09399, 9.11244],
			"to": [8.25, 3.34399, 9.71244],
			"rotation": {"angle": 22.5, "axis": "x", "origin": [8, 3.21899, 9.41244]},
			"faces": {
				"north": {"uv": [10.5, 2, 10.75, 2.25], "texture": "#0"},
				"east": {"uv": [2.5, 10.5, 2.75, 10.75], "texture": "#0"},
				"south": {"uv": [10.5, 2.5, 10.75, 2.75], "texture": "#0"},
				"west": {"uv": [3, 10.5, 3.25, 10.75], "texture": "#0"},
				"up": {"uv": [10.75, 3.25, 10.5, 3], "texture": "#0"},
				"down": {"uv": [3.75, 10.5, 3.5, 10.75], "texture": "#0"}
			}
		},
		{
			"from": [7.75, 2.9887, 9.64177],
			"to": [8.25, 3.2387, 10.64177],
			"rotation": {"angle": 0, "axis": "x", "origin": [8, 3.0637, 10.14177]},
			"faces": {
				"north": {"uv": [10.5, 3.5, 10.75, 3.75], "texture": "#0"},
				"east": {"uv": [10, 0.5, 10.5, 0.75], "texture": "#0"},
				"south": {"uv": [4, 10.5, 4.25, 10.75], "texture": "#0"},
				"west": {"uv": [1, 10, 1.5, 10.25], "texture": "#0"},
				"up": {"uv": [1.75, 10.5, 1.5, 10], "texture": "#0"},
				"down": {"uv": [2.25, 10, 2, 10.5], "texture": "#0"}
			}
		},
		{
			"from": [7.85, 3.80891, 9.38003],
			"to": [8.15, 4.30891, 10.23003],
			"rotation": {"angle": 45, "axis": "x", "origin": [8, 4.05891, 9.80503]},
			"faces": {
				"north": {"uv": [10.5, 4, 10.75, 4.25], "texture": "#0"},
				"east": {"uv": [10, 2, 10.5, 2.25], "texture": "#0"},
				"south": {"uv": [4.5, 10.5, 4.75, 10.75], "texture": "#0"},
				"west": {"uv": [2.5, 10, 3, 10.25], "texture": "#0"},
				"up": {"uv": [10.25, 3, 10, 2.5], "texture": "#0"},
				"down": {"uv": [3.25, 10, 3, 10.5], "texture": "#0"}
			}
		},
		{
			"from": [7.85, 3.58161, 9.92878],
			"to": [8.15, 4.08161, 10.52878],
			"rotation": {"angle": 0, "axis": "x", "origin": [8, 3.70661, 9.72878]},
			"faces": {
				"north": {"uv": [10.5, 4.5, 10.75, 4.75], "texture": "#0"},
				"east": {"uv": [5, 10.5, 5.25, 10.75], "texture": "#0"},
				"south": {"uv": [10.5, 5, 10.75, 5.25], "texture": "#0"},
				"west": {"uv": [5.5, 10.5, 5.75, 10.75], "texture": "#0"},
				"up": {"uv": [10.75, 5.75, 10.5, 5.5], "texture": "#0"},
				"down": {"uv": [6.25, 10.5, 6, 10.75], "texture": "#0"}
			}
		},
		{
			"from": [7, 5.15, 4.75],
			"to": [9, 6.3, 13.25],
			"rotation": {"angle": 0, "axis": "y", "origin": [0, 0.4, 0]},
			"faces": {
				"north": {"uv": [7, 5.5, 8, 6], "texture": "#0"},
				"east": {"uv": [4, 2, 8.25, 2.5], "texture": "#0"},
				"south": {"uv": [1, 7.5, 2, 8], "texture": "#0"},
				"west": {"uv": [4, 2.5, 8.25, 3], "texture": "#0"},
				"up": {"uv": [1, 4.25, 0, 0], "texture": "#0"},
				"down": {"uv": [2, 0, 1, 4.25], "texture": "#0"}
			}
		},
		{
			"from": [6.75, 5.05, 6.25],
			"to": [9.25, 6.45, 6.75],
			"rotation": {"angle": 0, "axis": "y", "origin": [0, 0.4, 0]},
			"faces": {
				"north": {"uv": [6.5, 0, 7.75, 0.75], "texture": "#0"},
				"east": {"uv": [1, 8.5, 1.25, 9.25], "texture": "#0"},
				"south": {"uv": [0.5, 6.5, 1.75, 7.25], "texture": "#0"},
				"west": {"uv": [1.5, 8.5, 1.75, 9.25], "texture": "#0"},
				"up": {"uv": [2.25, 8.25, 1, 8], "texture": "#0"},
				"down": {"uv": [9.25, 1, 8, 1.25], "texture": "#0"}
			}
		},
		{
			"from": [6.75, 5.05, 7.25],
			"to": [9.25, 6.45, 7.75],
			"rotation": {"angle": 0, "axis": "y", "origin": [0, 0.4, 0]},
			"faces": {
				"north": {"uv": [6.5, 1, 7.75, 1.75], "texture": "#0"},
				"east": {"uv": [2, 8.5, 2.25, 9.25], "texture": "#0"},
				"south": {"uv": [2, 6.5, 3.25, 7.25], "texture": "#0"},
				"west": {"uv": [8.5, 2, 8.75, 2.75], "texture": "#0"},
				"up": {"uv": [9.25, 1.75, 8, 1.5], "texture": "#0"},
				"down": {"uv": [3.75, 8, 2.5, 8.25], "texture": "#0"}
			}
		},
		{
			"from": [6.75, 5.05, 8.25],
			"to": [9.25, 6.45, 8.75],
			"rotation": {"angle": 0, "axis": "y", "origin": [0, 0.4, 0]},
			"faces": {
				"north": {"uv": [6.5, 6, 7.75, 6.75], "texture": "#0"},
				"east": {"uv": [2.5, 8.5, 2.75, 9.25], "texture": "#0"},
				"south": {"uv": [7, 3, 8.25, 3.75], "texture": "#0"},
				"west": {"uv": [3, 8.5, 3.25, 9.25], "texture": "#0"},
				"up": {"uv": [5.25, 8.25, 4, 8], "texture": "#0"},
				"down": {"uv": [9.25, 4, 8, 4.25], "texture": "#0"}
			}
		},
		{
			"from": [7.25, 3.9, 4.75],
			"to": [8.75, 5.15, 13],
			"rotation": {"angle": 0, "axis": "y", "origin": [0, 0.4, -0.25]},
			"faces": {
				"north": {"uv": [3.5, 7, 4.25, 7.75], "texture": "#0"},
				"east": {"uv": [2, 0, 6.25, 0.75], "texture": "#0"},
				"south": {"uv": [7, 4, 7.75, 4.75], "texture": "#0"},
				"west": {"uv": [2, 1, 6.25, 1.75], "texture": "#0"},
				"up": {"uv": [2.75, 6.25, 2, 2], "texture": "#0"},
				"down": {"uv": [3.75, 2, 3, 6.25], "texture": "#0"}
			}
		},
		{
			"from": [7.5, 5.4, 4.25],
			"to": [7.75, 5.9, 4.75],
			"rotation": {"angle": 0, "axis": "y", "origin": [0, 0.4, -0.25]},
			"faces": {
				"north": {"uv": [10.5, 6, 10.75, 6.25], "texture": "#0"},
				"east": {"uv": [6.5, 10.5, 6.75, 10.75], "texture": "#0"},
				"south": {"uv": [10.5, 6.5, 10.75, 6.75], "texture": "#0"},
				"west": {"uv": [7, 10.5, 7.25, 10.75], "texture": "#0"},
				"up": {"uv": [10.75, 7.25, 10.5, 7], "texture": "#0"},
				"down": {"uv": [7.75, 10.5, 7.5, 10.75], "texture": "#0"}
			}
		},
		{
			"from": [7.5, 5.9, 4.25],
			"to": [8.5, 6.15, 4.75],
			"rotation": {"angle": 0, "axis": "y", "origin": [0, 0.4, -0.25]},
			"faces": {
				"north": {"uv": [3.5, 10, 4, 10.25], "texture": "#0"},
				"east": {"uv": [10.5, 7.5, 10.75, 7.75], "texture": "#0"},
				"south": {"uv": [4, 10, 4.5, 10.25], "texture": "#0"},
				"west": {"uv": [8, 10.5, 8.25, 10.75], "texture": "#0"},
				"up": {"uv": [5, 10.25, 4.5, 10], "texture": "#0"},
				"down": {"uv": [5.5, 10, 5, 10.25], "texture": "#0"}
			}
		},
		{
			"from": [8.25, 5.4, 4.25],
			"to": [8.5, 5.9, 4.75],
			"rotation": {"angle": 0, "axis": "y", "origin": [0, 0.4, -0.25]},
			"faces": {
				"north": {"uv": [10.5, 8, 10.75, 8.25], "texture": "#0"},
				"east": {"uv": [8.5, 10.5, 8.75, 10.75], "texture": "#0"},
				"south": {"uv": [10.5, 8.5, 10.75, 8.75], "texture": "#0"},
				"west": {"uv": [9, 10.5, 9.25, 10.75], "texture": "#0"},
				"up": {"uv": [10.75, 9.25, 10.5, 9], "texture": "#0"},
				"down": {"uv": [9.75, 10.5, 9.5, 10.75], "texture": "#0"}
			}
		},
		{
			"from": [7.5, 5.15, 4.25],
			"to": [8.5, 5.4, 4.75],
			"rotation": {"angle": 0, "axis": "y", "origin": [0, 0.4, -0.25]},
			"faces": {
				"north": {"uv": [5.5, 10, 6, 10.25], "texture": "#0"},
				"east": {"uv": [10.5, 9.5, 10.75, 9.75], "texture": "#0"},
				"south": {"uv": [10, 5.5, 10.5, 5.75], "texture": "#0"},
				"west": {"uv": [10, 10.5, 10.25, 10.75], "texture": "#0"},
				"up": {"uv": [6.5, 10.25, 6, 10], "texture": "#0"},
				"down": {"uv": [10.5, 6, 10, 6.25], "texture": "#0"}
			}
		},
		{
			"from": [7, 4.69929, 9.70948],
			"to": [9, 4.89929, 10.46948],
			"rotation": {"angle": 22.5, "axis": "x", "origin": [8, 4.79929, 10.05948]},
			"faces": {
				"north": {"uv": [5.5, 8, 6.5, 8.25], "texture": "#0"},
				"east": {"uv": [6.5, 10, 7, 10.25], "texture": "#0"},
				"south": {"uv": [8, 5.5, 9, 5.75], "texture": "#0"},
				"west": {"uv": [10, 6.5, 10.5, 6.75], "texture": "#0"},
				"up": {"uv": [3, 8, 2, 7.5], "texture": "#0"},
				"down": {"uv": [5.5, 7.5, 4.5, 8], "texture": "#0"}
			}
		},
		{
			"from": [7, 4.85, 9.7],
			"to": [9, 5.05, 13.1],
			"rotation": {"angle": 0, "axis": "y", "origin": [0, 0.4, -0.25]},
			"faces": {
				"north": {"uv": [8, 6, 9, 6.25], "texture": "#0"},
				"east": {"uv": [8, 0, 9.75, 0.25], "texture": "#0"},
				"south": {"uv": [6.5, 8, 7.5, 8.25], "texture": "#0"},
				"west": {"uv": [8, 0.5, 9.75, 0.75], "texture": "#0"},
				"up": {"uv": [2, 6.25, 1, 4.5], "texture": "#0"},
				"down": {"uv": [6, 3, 5, 4.75], "texture": "#0"}
			}
		},
		{
			"from": [7, 4.55, 10.4],
			"to": [9, 4.75, 13.1],
			"rotation": {"angle": 0, "axis": "y", "origin": [0, 0.4, -0.25]},
			"faces": {
				"north": {"uv": [8, 6.5, 9, 6.75], "texture": "#0"},
				"east": {"uv": [8, 4.5, 9.25, 4.75], "texture": "#0"},
				"south": {"uv": [7.5, 8, 8.5, 8.25], "texture": "#0"},
				"west": {"uv": [8, 5, 9.25, 5.25], "texture": "#0"},
				"up": {"uv": [7, 4.25, 6, 3], "texture": "#0"},
				"down": {"uv": [7, 4.5, 6, 5.75], "texture": "#0"}
			}
		},
		{
			"from": [7.25, 6.5, 9.05],
			"to": [8.75, 6.8, 9.5],
			"rotation": {"angle": 0, "axis": "y", "origin": [8, 6.65, 13.025]},
			"faces": {
				"north": {"uv": [8.5, 3, 9.25, 3.25], "texture": "#0"},
				"east": {"uv": [10.5, 10, 10.75, 10.25], "texture": "#0"},
				"south": {"uv": [3.5, 8.5, 4.25, 8.75], "texture": "#0"},
				"west": {"uv": [10.5, 10.5, 10.75, 10.75], "texture": "#0"},
				"up": {"uv": [9.25, 3.75, 8.5, 3.5], "texture": "#0"},
				"down": {"uv": [5.25, 8.5, 4.5, 8.75], "texture": "#0"}
			}
		},
		{
			"from": [7.25, 6.3, 9.05],
			"to": [8.75, 6.5, 13.25],
			"rotation": {"angle": 0, "axis": "y", "origin": [0, 0.4, 0]},
			"faces": {
				"north": {"uv": [5.5, 8.5, 6.25, 8.75], "texture": "#0"},
				"east": {"uv": [7.5, 7, 9.5, 7.25], "texture": "#0"},
				"south": {"uv": [6.5, 8.5, 7.25, 8.75], "texture": "#0"},
				"west": {"uv": [7.5, 7.5, 9.5, 7.75], "texture": "#0"},
				"up": {"uv": [4.75, 7, 4, 5], "texture": "#0"},
				"down": {"uv": [5.75, 5, 5, 7], "texture": "#0"}
			}
		},
		{
			"from": [7.25, 6.38484, 9.32803],
			"to": [8.75, 6.68484, 9.77803],
			"rotation": {"angle": 45, "axis": "x", "origin": [8, 6.53484, 9.55303]},
			"faces": {
				"north": {"uv": [7.5, 8.5, 8.25, 8.75], "texture": "#0"},
				"east": {"uv": [0, 11, 0.25, 11.25], "texture": "#0"},
				"south": {"uv": [8.5, 8, 9.25, 8.25], "texture": "#0"},
				"west": {"uv": [11, 0, 11.25, 0.25], "texture": "#0"},
				"up": {"uv": [9.25, 8.75, 8.5, 8.5], "texture": "#0"},
				"down": {"uv": [0.75, 9, 0, 9.25], "texture": "#0"}
			}
		},
		{
			"from": [7.25, 6.38484, 10.02197],
			"to": [8.75, 6.68484, 10.47197],
			"rotation": {"angle": -45, "axis": "x", "origin": [8, 6.53484, 10.24697]},
			"faces": {
				"north": {"uv": [9, 2, 9.75, 2.25], "texture": "#0"},
				"east": {"uv": [0.5, 11, 0.75, 11.25], "texture": "#0"},
				"south": {"uv": [9, 2.5, 9.75, 2.75], "texture": "#0"},
				"west": {"uv": [11, 0.5, 11.25, 0.75], "texture": "#0"},
				"up": {"uv": [4.25, 9.25, 3.5, 9], "texture": "#0"},
				"down": {"uv": [5.25, 9, 4.5, 9.25], "texture": "#0"}
			}
		},
		{
			"from": [7.25, 6.5, 10.3],
			"to": [8.75, 6.8, 10.75],
			"rotation": {"angle": 0, "axis": "y", "origin": [8, 6.65, 13.025]},
			"faces": {
				"north": {"uv": [5.5, 9, 6.25, 9.25], "texture": "#0"},
				"east": {"uv": [1, 11, 1.25, 11.25], "texture": "#0"},
				"south": {"uv": [9, 5.5, 9.75, 5.75], "texture": "#0"},
				"west": {"uv": [11, 1, 11.25, 1.25], "texture": "#0"},
				"up": {"uv": [9.75, 6.25, 9, 6], "texture": "#0"},
				"down": {"uv": [7.25, 9, 6.5, 9.25], "texture": "#0"}
			}
		},
		{
			"from": [7.25, 6.38484, 10.57803],
			"to": [8.75, 6.68484, 11.02803],
			"rotation": {"angle": 45, "axis": "x", "origin": [8, 6.53484, 10.80303]},
			"faces": {
				"north": {"uv": [9, 6.5, 9.75, 6.75], "texture": "#0"},
				"east": {"uv": [1.5, 11, 1.75, 11.25], "texture": "#0"},
				"south": {"uv": [7.5, 9, 8.25, 9.25], "texture": "#0"},
				"west": {"uv": [11, 1.5, 11.25, 1.75], "texture": "#0"},
				"up": {"uv": [9.25, 9.25, 8.5, 9], "texture": "#0"},
				"down": {"uv": [0.75, 9.5, 0, 9.75], "texture": "#0"}
			}
		},
		{
			"from": [7.25, 6.38484, 11.27197],
			"to": [8.75, 6.68484, 11.72197],
			"rotation": {"angle": -45, "axis": "x", "origin": [8, 6.53484, 11.49697]},
			"faces": {
				"north": {"uv": [1, 9.5, 1.75, 9.75], "texture": "#0"},
				"east": {"uv": [2, 11, 2.25, 11.25], "texture": "#0"},
				"south": {"uv": [9.5, 1, 10.25, 1.25], "texture": "#0"},
				"west": {"uv": [11, 2, 11.25, 2.25], "texture": "#0"},
				"up": {"uv": [10.25, 1.75, 9.5, 1.5], "texture": "#0"},
				"down": {"uv": [2.75, 9.5, 2, 9.75], "texture": "#0"}
			}
		},
		{
			"from": [7.25, 6.5, 11.55],
			"to": [8.75, 6.8, 12],
			"rotation": {"angle": 0, "axis": "y", "origin": [8, 6.65, 13.025]},
			"faces": {
				"north": {"uv": [3, 9.5, 3.75, 9.75], "texture": "#0"},
				"east": {"uv": [2.5, 11, 2.75, 11.25], "texture": "#0"},
				"south": {"uv": [9.5, 3, 10.25, 3.25], "texture": "#0"},
				"west": {"uv": [11, 2.5, 11.25, 2.75], "texture": "#0"},
				"up": {"uv": [10.25, 3.75, 9.5, 3.5], "texture": "#0"},
				"down": {"uv": [4.75, 9.5, 4, 9.75], "texture": "#0"}
			}
		},
		{
			"from": [7.25, 6.38484, 11.82803],
			"to": [8.75, 6.68484, 12.27803],
			"rotation": {"angle": 45, "axis": "x", "origin": [8, 6.53484, 12.05303]},
			"faces": {
				"north": {"uv": [9.5, 4, 10.25, 4.25], "texture": "#0"},
				"east": {"uv": [3, 11, 3.25, 11.25], "texture": "#0"},
				"south": {"uv": [9.5, 4.5, 10.25, 4.75], "texture": "#0"},
				"west": {"uv": [11, 3, 11.25, 3.25], "texture": "#0"},
				"up": {"uv": [5.75, 9.75, 5, 9.5], "texture": "#0"},
				"down": {"uv": [10.25, 5, 9.5, 5.25], "texture": "#0"}
			}
		},
		{
			"from": [7.25, 6.38484, 12.52197],
			"to": [8.75, 6.68484, 12.97197],
			"rotation": {"angle": -45, "axis": "x", "origin": [8, 6.53484, 12.74697]},
			"faces": {
				"north": {"uv": [6, 9.5, 6.75, 9.75], "texture": "#0"},
				"east": {"uv": [3.5, 11, 3.75, 11.25], "texture": "#0"},
				"south": {"uv": [7, 9.5, 7.75, 9.75], "texture": "#0"},
				"west": {"uv": [11, 3.5, 11.25, 3.75], "texture": "#0"},
				"up": {"uv": [10.25, 7.25, 9.5, 7], "texture": "#0"},
				"down": {"uv": [10.25, 7.5, 9.5, 7.75], "texture": "#0"}
			}
		},
		{
			"from": [7.25, 6.5, 12.8],
			"to": [8.75, 6.8, 13.25],
			"rotation": {"angle": 0, "axis": "y", "origin": [0, 0.4, 0]},
			"faces": {
				"north": {"uv": [8, 9.5, 8.75, 9.75], "texture": "#0"},
				"east": {"uv": [4, 11, 4.25, 11.25], "texture": "#0"},
				"south": {"uv": [9.5, 8, 10.25, 8.25], "texture": "#0"},
				"west": {"uv": [11, 4, 11.25, 4.25], "texture": "#0"},
				"up": {"uv": [10.25, 8.75, 9.5, 8.5], "texture": "#0"},
				"down": {"uv": [9.75, 9.5, 9, 9.75], "texture": "#0"}
			}
		},
		{
			"from": [7.7, 5.69806, 13.21142],
			"to": [8.45, 6.09806, 13.96142],
			"rotation": {"angle": 0, "axis": "x", "origin": [8.075, 5.82786, 13.83745]},
			"faces": {
				"north": {"uv": [7, 10, 7.5, 10.25], "texture": "#0"},
				"east": {"uv": [4.5, 11, 4.75, 11.25], "texture": "#0"},
				"south": {"uv": [7.5, 10, 8, 10.25], "texture": "#0"},
				"west": {"uv": [11, 4.5, 11.25, 4.75], "texture": "#0"},
				"up": {"uv": [8.5, 10.25, 8, 10], "texture": "#0"},
				"down": {"uv": [9, 10, 8.5, 10.25], "texture": "#0"}
			}
		},
		{
			"from": [7.7, 5.97494, 13.84858],
			"to": [8.45, 6.12494, 14.24858],
			"rotation": {"angle": 22.5, "axis": "x", "origin": [8.075, 5.82786, 13.83745]},
			"faces": {
				"north": {"uv": [9, 10, 9.5, 10.25], "texture": "#0"},
				"east": {"uv": [5, 11, 5.25, 11.25], "texture": "#0"},
				"south": {"uv": [10, 9, 10.5, 9.25], "texture": "#0"},
				"west": {"uv": [11, 5, 11.25, 5.25], "texture": "#0"},
				"up": {"uv": [10, 10.25, 9.5, 10], "texture": "#0"},
				"down": {"uv": [10.5, 9.5, 10, 9.75], "texture": "#0"}
			}
		},
		{
			"from": [7.7, 5.69499, 13.93097],
			"to": [8.45, 5.94499, 14.33097],
			"rotation": {"angle": 0, "axis": "x", "origin": [8.075, 5.82786, 13.83745]},
			"faces": {
				"north": {"uv": [10, 10, 10.5, 10.25], "texture": "#0"},
				"east": {"uv": [5.5, 11, 5.75, 11.25], "texture": "#0"},
				"south": {"uv": [0, 10.5, 0.5, 10.75], "texture": "#0"},
				"west": {"uv": [11, 5.5, 11.25, 5.75], "texture": "#0"},
				"up": {"uv": [11, 0.25, 10.5, 0], "texture": "#0"},
				"down": {"uv": [1, 10.5, 0.5, 10.75], "texture": "#0"}
			}
		},
		{
			"from": [7.7, 5.65029, 13.06867],
			"to": [8.45, 6.00029, 13.96867],
			"rotation": {"angle": -22.5, "axis": "x", "origin": [8.075, 5.82786, 13.83745]},
			"faces": {
				"north": {"uv": [10.5, 0.5, 11, 0.75], "texture": "#0"},
				"east": {"uv": [1, 10.5, 1.5, 10.75], "texture": "#0"},
				"south": {"uv": [10.5, 1, 11, 1.25], "texture": "#0"},
				"west": {"uv": [1.5, 10.5, 2, 10.75], "texture": "#0"},
				"up": {"uv": [0.5, 9, 0, 8.5], "texture": "#0"},
				"down": {"uv": [1, 8.5, 0.5, 9], "texture": "#0"}
			}
		}
	],
	"display": {
		"thirdperson_righthand": {
			"translation": [0, 5.5, -1.5],
			"scale": [1.2, 1.2, 1.2]
		},
		"thirdperson_lefthand": {
			"translation": [0, 5.5, -1.5],
			"scale": [1.2, 1.2, 1.2]
		},
		"firstperson_righthand": {
			"translation": [0, 8, -4],
			"scale": [1.5, 1.5, 1.5]
		},
		"firstperson_lefthand": {
			"translation": [0, 8, -4],
			"scale": [1.5, 1.5, 1.5]
		},
		"ground": {
			"translation": [0, 12.5, -4],
			"scale": [2, 2, 2]
		},
		"gui": {
			"rotation": [90, -60, 90],
			"translation": [-0.25, 8, -0.5],
			"scale": [1.8, 1.8, 1.8]
		},
		"head": {
			"translation": [0, 13.75, -4],
			"scale": [1.5, 1.5, 1.5]
		},
		"fixed": {
			"rotation": [90, 60, -90],
			"translation": [1, 8.25, -0.5],
			"scale": [1.8, 1.8, 1.8]
		}
	},
	"groups": [
		{
			"name": "group",
			"origin": [8, 1.95, 11.5],
			"color": 0,
			"children": [
				0,
				1,
				{
					"name": "group",
					"origin": [8, 3.0637, 10.14177],
					"color": 0,
					"children": [
						2,
						3,
						4,
						{
							"name": "group",
							"origin": [8, 3.70661, 9.72878],
							"color": 0,
							"children": [5, 6]
						}
					]
				},
				{
					"name": "group",
					"origin": [0, -0.1, -0.25],
					"color": 0,
					"children": [
						7,
						8,
						9,
						10,
						11,
						{
							"name": "group",
							"origin": [0, -0.1, -0.25],
							"color": 0,
							"children": [12, 13, 14, 15]
						},
						{
							"name": "group",
							"origin": [0, -0.1, -0.25],
							"color": 0,
							"children": [16, 17, 18]
						},
						{
							"name": "group",
							"origin": [0, -0.1, 0],
							"color": 0,
							"children": [19, 20, 21, 22, 23, 24, 25, 26, 27, 28, 29]
						},
						{
							"name": "group",
							"origin": [8, 5.35, 13.375],
							"color": 0,
							"children": [30, 31, 32, 33]
						}
					]
				}
			]
		}
	]
}